District,Latitude,Longitude
Lucknow,26.8381,80.9346001
Kanpur Nagar,26.4410107,80.2652803
Varanasi,25.3356491,83.0076292
Agra,27.1752554,78.0098161
Prayagraj,25.4381302,81.8338005
Ghaziabad,28.7749966,77.4586967
Meerut,29.0018557,77.7679671
Gorakhpur,26.6677977,83.3642334
Bareilly,28.4582345,79.4047452
Aligarh,27.8761073,78.1358153
Moradabad,28.8796553,78.8095335
Noida,28.5706333,77.3272147
Jhansi,25.529855,78.6527802
Ayodhya,26.7990707,82.2052321
Mathura,27.4955539,77.6855554
Shahjahanpur,27.9128583,79.7476254
Sitapur,27.5026748,80.8335139
Raebareli,26.2086769,81.2186298
Saharanpur,29.9856799,77.5040646
Firozabad,27.1941954,78.4604956
Muzaffarnagar,29.4496979,77.7429333
Ballia,25.8749595,84.1210329
Basti,26.8387083,82.5350919
Etawah,26.7155629,79.0917098
Mirzapur,24.9316896,82.6280163
Mumbai,19.054999,72.8692035
Pune,18.5213738,73.8545071
Nagpur,21.1498134,79.0820556
Thane,19.3653598,73.3685437
Nashik,20.0112475,73.7902364
Aurangabad,19.877263,75.3390241
Solapur,17.8499067,75.2763203
Amravati,21.1545412,77.6442962
Kolhapur,16.7028412,74.2405329
Sangli,17.1726928,74.5867654
Jalgaon,20.8428827,75.5261246
Satara,17.6361289,74.2982781
Latur,18.3553347,76.7548997
Ahmednagar,19.092952,74.7493451
Chandrapur,20.0967555,79.5045475
Beed,18.9918442,75.909784
Akola,20.7618122,77.1921157
Nanded,19.0942729,77.4832628
Ratnagiri,17.2826079,73.4569787
Wardha,20.8256231,78.6131455
Buldhana,20.562845,76.4086986
Dhule,21.1305215,74.4900614
Parbhani,19.2901981,76.6026443
Osmanabad,18.2822454,76.0588166
Palghar,19.757249,73.0931199
Patna,25.6093239,85.1235252
Gaya,24.7964355,85.0079563
Muzaffarpur,26.1482548,85.3316097
Bhagalpur,25.2861354,87.1304229
Darbhanga,26.0829899,86.0324951
Purnia,25.7758723,87.4087667
Nalanda,25.1364914,85.4436546
Siwan,26.131008,84.3910745
Saran,25.9214451,84.7759731
Begusarai,25.5125411,86.0883392
Arrah,25.560317,84.6632139
Katihar,25.5586421,87.6457196
Madhubani,26.3503076,86.2296424
Saharsa,25.8330757,86.6143751
Samastipur,25.7747885,85.8672314
Motihari,26.6506888,84.9114654
Buxar,25.5044834,84.1097525
Rohtas,24.9394143,84.0197031
Sitamarhi,26.5942841,85.500428
Kishanganj,26.2984144,87.9466715
Jamui,24.7562514,86.3011128
Araria,26.1346459,87.4654062
Gopalganj,26.4211166,84.3739133
Khagaria,25.4930513,86.6982264
Banka,24.8328273,86.8161114
Kolkata,22.5726459,88.3638953
Howrah,22.5736296,88.3251045
Darjeeling,27.0377554,88.263176
Malda,25.0057449,88.1398483
Murshidabad,24.1745993,88.2721335
North 24 Parganas,22.6926815,88.6625795
South 24 Parganas,22.1776733,88.5307853
Hooghly,22.9099402,88.0120825
Bardhaman,23.2495714,87.8681751
Siliguri,26.7164127,88.4309916
Nadia,23.4847374,88.5567067
Bankura,23.132377,87.2081925
Purulia,23.2020967,86.3228988
Cooch Behar,26.2559197,89.4201143
Jalpaiguri,26.6262805,88.7334485
Birbhum,24.0621532,87.6982823
Alipurduar,26.4851573,89.5246926
Kalimpong,27.0702869,88.4723676
Midnapore,22.4207025,87.3269963
Basirhat,22.6611962,88.8660215
Asansol,23.6871297,86.9746587
Durgapur,23.5350475,87.3380425
Barrackpore,22.7641623,88.3776088
Chandannagar,22.8639237,88.3703496
Haldia,22.028124,88.0632655
Bhopal,23.2584857,77.401989
Indore,22.7203616,75.8681996
Gwalior,26.2037247,78.1573628
Jabalpur,23.1701522,79.9324505
Ujjain,23.1885131,75.7716562
Sagar,23.8083076,78.758254
Rewa,24.7560846,81.3810574
Satna,24.6954445,80.7770348
Ratlam,23.50222,74.9551534
Chhindwara,22.2071897,78.798833
Dewas,22.8057498,76.2940408
Sehore,23.1150041,77.0665356
Vidisha,23.8463004,77.8370209
Shivpuri,25.3741215,77.8278866
Khandwa,21.9769779,76.5675344
Neemuch,24.6305517,75.1829
Mandsaur,24.2628148,75.385692
Balaghat,21.8611589,80.3237105
Betul,21.8797472,77.8753651
Hoshangabad,22.7545538,77.7198249
Katni,23.7176393,80.2610181
Singrauli,24.2431343,82.3827672
Damoh,23.7981005,79.5419356
Datia,25.9182947,78.6644962
Morena,26.3849794,77.8612721
Chennai,13.0836939,80.270186
Coimbatore,11.0018115,76.9628425
Madurai,9.9261153,78.1140983
Salem,11.6469616,78.2106958
Tiruchirappalli,10.8071144,78.6880939
Tirunelveli,8.5495014,77.5805178
Vellore,12.9021849,79.061104
Erode,11.4905282,77.3505274
Thoothukudi,8.8457035,77.9938178
Dindigul,10.4256896,77.815664
Cuddalore,11.5202071,79.3396356
Karur,10.8217671,78.3828654
Thanjavur,10.659037,79.2014278
Kanchipuram,12.9647163,79.9839686
Tiruppur,10.7915267,77.5325466
Nagapattinam,10.6026203,79.7619348
Namakkal,11.3033889,78.118604
Krishnagiri,12.5152075,78.0093769
Ramanathapuram,9.5205576,78.5184635
Sivaganga,9.8486881,78.4870461
Virudhunagar,9.4926289,77.8631831
Ariyalur,11.1530559,79.2585797
Perambalur,11.2902641,78.9300404
Dharmapuri,12.1456131,78.1132217
Theni,9.8692558,77.4222974
Jaipur,26.9154576,75.8189817
Jodhpur,26.2967719,73.0351433
Udaipur,24.578721,73.6862571
Kota,25.1737019,75.8574194
Ajmer,26.4691,74.639
Bikaner,28.0159286,73.3171367
Alwar,27.4140049,76.6170387
Bharatpur,27.0246959,77.2920116
Sikar,27.6624156,75.0279971
Pali,25.4552211,73.419389
Barmer,25.5814853,71.1924922
Jaisalmer,27.0264162,70.777512
Churu,28.2047781,74.6912996
Tonk,26.1223198,75.6632235
Bhilwara,25.470994,74.6961316
Nagaur,26.9873443,73.7389011
Dausa,26.8048659,76.4437457
Hanumangarh,29.3659533,74.298429
Sri Ganganagar,29.4605539,73.5850528
Jhunjhunu,28.0798944,75.5424211
Bundi,25.4367659,75.7361471
Jhalawar,24.3132368,76.5221078
Sawai Madhopur,26.2290186,76.3043561
Karauli,26.5158329,77.0565965
Dungarpur,23.8538893,73.7087177
Bengaluru Urban,12.9461554,77.5503844
Mysuru,12.3041464,76.6529521
Mangaluru,12.8698101,74.8430082
Hubballi,15.3518378,75.1379848
Belagavi,16.1587846,74.888862
Ballari,15.3483166,76.8054883
Shivamogga,13.9326093,75.574978
Tumakuru,13.4192512,76.8810004
Udupi,13.5269784,74.8731879
Davanagere,14.2558835,75.8303421
Raichur,16.0547194,76.9003647
Bidar,18.0207297,77.2487204
Kalaburagi,17.2408957,76.7697439
Chikkamagaluru,13.4058699,75.638758
Hassan,13.0301852,76.1744968
Mandya,12.6368939,76.7275477
Kolar,13.1805066,78.2669329
Gadag,15.416692,75.6815801
Haveri,14.7180268,75.3656423
Bagalkot,16.1793224,75.6999315
Chitradurga,14.3049174,76.5296667
Kodagu,12.3827332,75.6640715
Yadgir,16.5744123,76.9254434
Vijayapura,16.814415,75.8933856
Ramanagara,12.720006,77.3184199
Ahmedabad,23.0215374,72.5800568
Surat,21.2094892,72.8317058
Vadodara,22.2973142,73.1942567
Rajkot,22.3053263,70.8028377
Bhavnagar,21.7718836,72.1416449
Jamnagar,22.4732415,70.0552102
Junagadh,21.5220416,70.4582458
Gandhinagar,23.2232877,72.6492267
Kutch,23.583333,70.0
Anand,22.4739858,72.7361779
Mehsana,23.6012628,72.3741516
Valsad,20.4321957,73.1409893
Navsari,20.952407,72.9323831
Bharuch,21.7080427,72.9956936
Sabarkantha,23.8688505,73.013784
Patan,23.773753,71.6798581
Banaskantha,24.2693869,72.5367513
Dahod,22.9194099,74.1342725
Amreli,21.4176122,71.249609
Porbandar,21.602975,69.8538067
Surendranagar,22.8251395,71.6209736
Gir Somnath,20.9298181,70.7627578
Botad,22.0467097,71.6689617
Morbi,22.8003959,70.886232
Aravalli,23.4843216,73.3986096
Thiruvananthapuram,8.4882267,76.947551
Kochi,9.9679032,76.2444378
Kozhikode,11.2450558,75.7754716
Thrissur,10.5270099,76.214621
Kollam,8.8870533,76.5906696
Kannur,11.8763836,75.3737973
Alappuzha,9.5003416,76.4123364
Palakkad,10.7873692,76.4742172
Malappuram,11.1068448,76.1099551
Kottayam,9.6287383,76.6455326
Idukki,9.8154785,76.9991599
Pathanamthitta,9.2780841,76.9737443
Wayanad,11.7151291,76.1271185
Ernakulam,9.9837257,76.2740001
Kasargod,12.4914722,74.9877613
Attingal,8.6985965,76.8134401
Ponnani,10.7800691,75.9189338
Chalakudy,10.3041869,76.3371037
Payyanur,12.0918925,75.1951763
Nedumangad,8.6970387,77.0424541
Muvattupuzha,9.9831493,76.5781613
Thodupuzha,9.8976798,76.7134225
Changanassery,9.4896674,76.6278343
Ottapalam,10.7732226,76.3772453
Manjeri,11.1202289,76.1198109
Ludhiana,30.9090157,75.851601
Amritsar,31.6356659,74.8787496
Jalandhar,31.2922312,75.5678878
Patiala,30.2092778,76.3397231
Bathinda,30.1794814,75.0471098
Mohali,30.7041168,76.7176885
Hoshiarpur,31.6092942,75.8459754
Gurdaspur,31.9037264,75.2275587
Moga,30.7877554,75.159359
Firozpur,30.8753832,74.6525438
Kapurthala,31.3856476,75.3053304
Faridkot,30.6014507,74.7950176
Sangrur,30.135717,75.8533326
Barnala,30.3716802,75.5039887
Ropar,30.9688367,76.526088
Mansa,29.8764133,75.4889564
Fazilka,30.3198406,74.1217943
Pathankot,32.3021899,75.6589406
Tarn Taran,31.3212453,74.8416687
Malerkotla,30.533129,75.8807604
Khanna,30.700625,76.2220763
Abohar,30.1450543,74.1956597
Rajpura,23.2892414,74.9794733
Zirakpur,30.6557257,76.8200648
Batala,31.8193025,75.1999941
Gurugram,28.4646148,77.0299194
Faridabad,28.4031478,77.3105561
Panipat,29.3912753,76.9771675
Ambala,30.3843674,76.770421
Hisar,29.2396596,75.8174505
Rohtak,28.9010899,76.5801935
Sonipat,28.9953758,77.0233627
Karnal,29.7255766,76.9106924
Yamunanagar,30.1231349,77.286329
Bhiwani,28.7931703,76.1391283
Jhajjar,28.5964461,76.6505366
Sirsa,29.6063041,74.9036568
Kurukshetra,29.9693747,76.8482787
Rewari,28.1956468,76.6165179
Palwal,28.0599426,77.3223422
Mahendragarh,28.1326971,76.1697448
Jind,29.3152073,76.314082
Kaithal,29.7996588,76.3989903
Nuh,27.9935177,77.0419634
Charkhi Dadri,28.6000997,76.1123707
Fatehabad,29.5359209,75.5752901
Panchkula,30.6975401,76.8551066
Hansi,29.140992,75.9787139
Kosli,28.3921086,76.4501216
Tohana,29.7107922,75.9042326
